,id,Öbek İsmi
0,0,0
1,1,3
2,2,2
3,3,5
4,4,5
5,5,2
6,6,5
7,7,3
8,8,6
9,9,6
10,10,3
11,11,1
12,12,4
13,13,5
14,14,4
15,15,3
16,16,4
17,17,6
18,18,6
19,19,6
20,20,3
21,21,5
22,22,2
23,23,2
24,24,0
25,25,2
26,26,2
27,27,5
28,28,2
29,29,6
30,30,4
31,31,2
32,32,5
33,33,1
34,34,4
35,35,3
36,36,6
37,37,0
38,38,5
39,39,3
40,40,4
41,41,2
42,42,6
43,43,1
44,44,0
45,45,6
46,46,3
47,47,3
48,48,3
49,49,1
50,50,2
51,51,6
52,52,2
53,53,6
54,54,6
55,55,3
56,56,6
57,57,4
58,58,6
59,59,0
60,60,4
61,61,3
62,62,6
63,63,0
64,64,5
65,65,5
66,66,0
67,67,7
68,68,0
69,69,4
70,70,7
71,71,3
72,72,6
73,73,0
74,74,2
75,75,1
76,76,1
77,77,7
78,78,2
79,79,6
80,80,3
81,81,4
82,82,7
83,83,1
84,84,0
85,85,0
86,86,0
87,87,6
88,88,1
89,89,1
90,90,1
91,91,5
92,92,1
93,93,1
94,94,2
95,95,3
96,96,7
97,97,6
98,98,5
99,99,7
100,100,4
101,101,3
102,102,4
103,103,7
104,104,2
105,105,0
106,106,0
107,107,4
108,108,3
109,109,1
110,110,0
111,111,3
112,112,5
113,113,0
114,114,1
115,115,5
116,116,4
117,117,6
118,118,5
119,119,6
120,120,1
121,121,3
122,122,2
123,123,3
124,124,6
125,125,0
126,126,3
127,127,6
128,128,6
129,129,0
130,130,4
131,131,6
132,132,3
133,133,1
134,134,0
135,135,3
136,136,6
137,137,3
138,138,3
139,139,7
140,140,2
141,141,2
142,142,3
143,143,6
144,144,0
145,145,4
146,146,5
147,147,7
148,148,2
149,149,4
150,150,5
151,151,1
152,152,5
153,153,7
154,154,0
155,155,2
156,156,0
157,157,7
158,158,3
159,159,4
160,160,0
161,161,2
162,162,2
163,163,4
164,164,1
165,165,2
166,166,5
167,167,1
168,168,1
169,169,1
170,170,7
171,171,4
172,172,4
173,173,5
174,174,7
175,175,2
176,176,2
177,177,7
178,178,1
179,179,4
180,180,2
181,181,1
182,182,1
183,183,6
184,184,6
185,185,7
186,186,0
187,187,7
188,188,6
189,189,4
190,190,6
191,191,4
192,192,4
193,193,1
194,194,7
195,195,6
196,196,7
197,197,5
198,198,1
199,199,4
200,200,5
201,201,1
202,202,6
203,203,0
204,204,6
205,205,5
206,206,3
207,207,1
208,208,1
209,209,3
210,210,0
211,211,3
212,212,1
213,213,7
214,214,3
215,215,3
216,216,4
217,217,3
218,218,2
219,219,7
220,220,3
221,221,4
222,222,6
223,223,5
224,224,4
225,225,0
226,226,1
227,227,2
228,228,3
229,229,5
230,230,6
231,231,7
232,232,7
233,233,0
234,234,6
235,235,3
236,236,0
237,237,5
238,238,2
239,239,5
240,240,7
241,241,7
242,242,4
243,243,6
244,244,0
245,245,7
246,246,4
247,247,1
248,248,3
249,249,6
250,250,7
251,251,1
252,252,3
253,253,6
254,254,0
255,255,1
256,256,0
257,257,0
258,258,5
259,259,5
260,260,0
261,261,5
262,262,6
263,263,1
264,264,4
265,265,7
266,266,2
267,267,4
268,268,1
269,269,5
270,270,7
271,271,1
272,272,2
273,273,3
274,274,5
275,275,1
276,276,6
277,277,4
278,278,7
279,279,5
280,280,0
281,281,3
282,282,2
283,283,2
284,284,2
285,285,7
286,286,1
287,287,2
288,288,7
289,289,5
290,290,5
291,291,2
292,292,0
293,293,0
294,294,7
295,295,7
296,296,5
297,297,5
298,298,6
299,299,4
300,300,3
301,301,4
302,302,1
303,303,5
304,304,6
305,305,2
306,306,3
307,307,4
308,308,1
309,309,5
310,310,6
311,311,2
312,312,0
313,313,0
314,314,6
315,315,2
316,316,3
317,317,1
318,318,6
319,319,3
320,320,7
321,321,5
322,322,1
323,323,1
324,324,1
325,325,2
326,326,1
327,327,2
328,328,3
329,329,0
330,330,4
331,331,4
332,332,2
333,333,2
334,334,5
335,335,0
336,336,2
337,337,1
338,338,2
339,339,3
340,340,2
341,341,3
342,342,0
343,343,5
344,344,1
345,345,6
346,346,7
347,347,4
348,348,0
349,349,0
350,350,2
351,351,6
352,352,6
353,353,7
354,354,4
355,355,2
356,356,5
357,357,5
358,358,2
359,359,5
360,360,0
361,361,5
362,362,3
363,363,2
364,364,4
365,365,6
366,366,6
367,367,1
368,368,2
369,369,4
370,370,2
371,371,7
372,372,1
373,373,0
374,374,3
375,375,2
376,376,0
377,377,2
378,378,4
379,379,7
380,380,1
381,381,1
382,382,0
383,383,5
384,384,2
385,385,0
386,386,3
387,387,1
388,388,1
389,389,7
390,390,5
391,391,2
392,392,3
393,393,4
394,394,1
395,395,1
396,396,4
397,397,1
398,398,7
399,399,6
400,400,2
401,401,6
402,402,2
403,403,6
404,404,7
405,405,1
406,406,2
407,407,2
408,408,0
409,409,2
410,410,4
411,411,1
412,412,5
413,413,3
414,414,3
415,415,2
416,416,3
417,417,2
418,418,0
419,419,2
420,420,0
421,421,6
422,422,0
423,423,6
424,424,6
425,425,1
426,426,7
427,427,3
428,428,3
429,429,3
430,430,0
431,431,7
432,432,5
433,433,7
434,434,2
435,435,1
436,436,7
437,437,4
438,438,2
439,439,2
440,440,3
441,441,3
442,442,0
443,443,3
444,444,7
445,445,6
446,446,7
447,447,6
448,448,5
449,449,3
450,450,4
451,451,0
452,452,6
453,453,5
454,454,3
455,455,6
456,456,4
457,457,4
458,458,3
459,459,3
460,460,7
461,461,4
462,462,4
463,463,0
464,464,0
465,465,5
466,466,0
467,467,7
468,468,2
469,469,7
470,470,5
471,471,5
472,472,2
473,473,1
474,474,2
475,475,5
476,476,6
477,477,3
478,478,5
479,479,2
480,480,1
481,481,3
482,482,2
483,483,4
484,484,0
485,485,4
486,486,3
487,487,3
488,488,2
489,489,1
490,490,3
491,491,2
492,492,3
493,493,5
494,494,5
495,495,3
496,496,1
497,497,6
498,498,1
499,499,7
500,500,4
501,501,2
502,502,3
503,503,4
504,504,2
505,505,4
506,506,6
507,507,1
508,508,1
509,509,0
510,510,6
511,511,6
512,512,6
513,513,5
514,514,4
515,515,6
516,516,0
517,517,6
518,518,7
519,519,1
520,520,0
521,521,7
522,522,4
523,523,5
524,524,4
525,525,2
526,526,2
527,527,1
528,528,5
529,529,6
530,530,3
531,531,1
532,532,3
533,533,2
534,534,7
535,535,4
536,536,7
537,537,6
538,538,3
539,539,3
540,540,5
541,541,0
542,542,1
543,543,6
544,544,3
545,545,0
546,546,0
547,547,4
548,548,0
549,549,3
550,550,6
551,551,1
552,552,1
553,553,5
554,554,2
555,555,4
556,556,5
557,557,3
558,558,7
559,559,6
560,560,5
561,561,6
562,562,4
563,563,5
564,564,0
565,565,2
566,566,4
567,567,2
568,568,0
569,569,3
570,570,5
571,571,4
572,572,3
573,573,2
574,574,6
575,575,4
576,576,7
577,577,4
578,578,1
579,579,1
580,580,3
581,581,1
582,582,6
583,583,2
584,584,6
585,585,1
586,586,7
587,587,5
588,588,5
589,589,1
590,590,7
591,591,6
592,592,3
593,593,3
594,594,2
595,595,5
596,596,3
597,597,2
598,598,3
599,599,4
600,600,7
601,601,1
602,602,1
603,603,7
604,604,1
605,605,2
606,606,3
607,607,4
608,608,3
609,609,1
610,610,4
611,611,5
612,612,0
613,613,3
614,614,7
615,615,4
616,616,2
617,617,4
618,618,3
619,619,3
620,620,0
621,621,2
622,622,2
623,623,5
624,624,5
625,625,7
626,626,2
627,627,0
628,628,5
629,629,1
630,630,6
631,631,4
632,632,1
633,633,0
634,634,1
635,635,0
636,636,0
637,637,5
638,638,1
639,639,5
640,640,6
641,641,5
642,642,0
643,643,0
644,644,2
645,645,4
646,646,2
647,647,0
648,648,0
649,649,4
650,650,5
651,651,7
652,652,5
653,653,3
654,654,3
655,655,3
656,656,1
657,657,1
658,658,6
659,659,0
660,660,4
661,661,2
662,662,7
663,663,4
664,664,3
665,665,6
666,666,6
667,667,0
668,668,4
669,669,7
670,670,2
671,671,0
672,672,4
673,673,7
674,674,5
675,675,5
676,676,2
677,677,2
678,678,3
679,679,2
680,680,4
681,681,5
682,682,7
683,683,6
684,684,3
685,685,1
686,686,3
687,687,1
688,688,2
689,689,7
690,690,2
691,691,3
692,692,0
693,693,3
694,694,0
695,695,7
696,696,1
697,697,4
698,698,4
699,699,5
700,700,4
701,701,4
702,702,1
703,703,3
704,704,7
705,705,3
706,706,0
707,707,1
708,708,1
709,709,0
710,710,6
711,711,0
712,712,6
713,713,0
714,714,2
715,715,6
716,716,3
717,717,4
718,718,7
719,719,3
720,720,2
721,721,5
722,722,3
723,723,0
724,724,4
725,725,0
726,726,7
727,727,5
728,728,3
729,729,1
730,730,2
731,731,0
732,732,0
733,733,2
734,734,4
735,735,3
736,736,7
737,737,0
738,738,6
739,739,2
740,740,2
741,741,2
742,742,0
743,743,1
744,744,0
745,745,1
746,746,4
747,747,5
748,748,6
749,749,1
750,750,1
751,751,1
752,752,1
753,753,4
754,754,2
755,755,0
756,756,3
757,757,3
758,758,3
759,759,1
760,760,1
761,761,6
762,762,7
763,763,5
764,764,7
765,765,0
766,766,2
767,767,5
768,768,7
769,769,4
770,770,3
771,771,2
772,772,0
773,773,2
774,774,3
775,775,2
776,776,5
777,777,3
778,778,3
779,779,5
780,780,5
781,781,2
782,782,0
783,783,4
784,784,5
785,785,1
786,786,0
787,787,7
788,788,2
789,789,0
790,790,3
791,791,2
792,792,5
793,793,2
794,794,4
795,795,6
796,796,7
797,797,5
798,798,1
799,799,2
800,800,1
801,801,3
802,802,5
803,803,7
804,804,3
805,805,2
806,806,5
807,807,0
808,808,0
809,809,6
810,810,7
811,811,1
812,812,6
813,813,6
814,814,5
815,815,1
816,816,7
817,817,4
818,818,6
819,819,1
820,820,2
821,821,5
822,822,2
823,823,0
824,824,2
825,825,6
826,826,5
827,827,0
828,828,0
829,829,4
830,830,1
831,831,2
832,832,4
833,833,3
834,834,6
835,835,6
836,836,1
837,837,7
838,838,0
839,839,3
840,840,3
841,841,4
842,842,0
843,843,5
844,844,6
845,845,3
846,846,1
847,847,2
848,848,3
849,849,6
850,850,6
851,851,5
852,852,1
853,853,4
854,854,4
855,855,3
856,856,7
857,857,5
858,858,1
859,859,3
860,860,1
861,861,7
862,862,5
863,863,4
864,864,6
865,865,2
866,866,0
867,867,1
868,868,5
869,869,3
870,870,5
871,871,7
872,872,4
873,873,0
874,874,1
875,875,4
876,876,2
877,877,4
878,878,3
879,879,4
880,880,1
881,881,1
882,882,1
883,883,2
884,884,1
885,885,5
886,886,6
887,887,6
888,888,3
889,889,6
890,890,6
891,891,1
892,892,2
893,893,5
894,894,7
895,895,1
896,896,3
897,897,3
898,898,7
899,899,2
900,900,7
901,901,6
902,902,6
903,903,2
904,904,3
905,905,3
906,906,2
907,907,7
908,908,2
909,909,1
910,910,4
911,911,5
912,912,4
913,913,5
914,914,3
915,915,5
916,916,1
917,917,6
918,918,6
919,919,5
920,920,7
921,921,4
922,922,3
923,923,2
924,924,7
925,925,0
926,926,1
927,927,0
928,928,0
929,929,5
930,930,2
931,931,5
932,932,3
933,933,4
934,934,4
935,935,0
936,936,1
937,937,0
938,938,6
939,939,6
940,940,3
941,941,3
942,942,1
943,943,7
944,944,3
945,945,6
946,946,7
947,947,3
948,948,3
949,949,5
950,950,6
951,951,1
952,952,5
953,953,7
954,954,1
955,955,3
956,956,2
957,957,1
958,958,5
959,959,6
960,960,4
961,961,1
962,962,6
963,963,0
964,964,1
965,965,7
966,966,3
967,967,1
968,968,3
969,969,7
970,970,1
971,971,5
972,972,3
973,973,6
974,974,4
975,975,3
976,976,5
977,977,4
978,978,6
979,979,0
980,980,0
981,981,0
982,982,6
983,983,0
984,984,1
985,985,5
986,986,5
987,987,3
988,988,5
989,989,3
990,990,2
991,991,5
992,992,3
993,993,3
994,994,1
995,995,4
996,996,1
997,997,2
998,998,1
999,999,6
1000,1000,2
1001,1001,6
1002,1002,7
1003,1003,2
1004,1004,6
1005,1005,7
1006,1006,5
1007,1007,4
1008,1008,1
1009,1009,2
1010,1010,5
1011,1011,1
1012,1012,1
1013,1013,5
1014,1014,3
1015,1015,6
1016,1016,1
1017,1017,0
1018,1018,5
1019,1019,3
1020,1020,2
1021,1021,5
1022,1022,5
1023,1023,7
1024,1024,6
1025,1025,6
1026,1026,2
1027,1027,5
1028,1028,1
1029,1029,5
1030,1030,0
1031,1031,1
1032,1032,6
1033,1033,4
1034,1034,3
1035,1035,7
1036,1036,0
1037,1037,0
1038,1038,2
1039,1039,6
1040,1040,4
1041,1041,6
1042,1042,1
1043,1043,0
1044,1044,2
1045,1045,3
1046,1046,6
1047,1047,2
1048,1048,4
1049,1049,7
1050,1050,1
1051,1051,1
1052,1052,3
1053,1053,4
1054,1054,4
1055,1055,6
1056,1056,0
1057,1057,6
1058,1058,1
1059,1059,0
1060,1060,2
1061,1061,4
1062,1062,6
1063,1063,1
1064,1064,0
1065,1065,6
1066,1066,4
1067,1067,3
1068,1068,0
1069,1069,3
1070,1070,7
1071,1071,5
1072,1072,1
1073,1073,3
1074,1074,1
1075,1075,4
1076,1076,4
1077,1077,0
1078,1078,1
1079,1079,2
1080,1080,3
1081,1081,0
1082,1082,6
1083,1083,2
1084,1084,1
1085,1085,0
1086,1086,0
1087,1087,6
1088,1088,1
1089,1089,0
1090,1090,2
1091,1091,6
1092,1092,0
1093,1093,4
1094,1094,1
1095,1095,0
1096,1096,1
1097,1097,6
1098,1098,7
1099,1099,0
1100,1100,1
1101,1101,2
1102,1102,1
1103,1103,3
1104,1104,0
1105,1105,3
1106,1106,4
1107,1107,1
1108,1108,1
1109,1109,6
1110,1110,3
1111,1111,3
1112,1112,2
1113,1113,6
1114,1114,1
1115,1115,0
1116,1116,4
1117,1117,4
1118,1118,1
1119,1119,5
1120,1120,1
1121,1121,7
1122,1122,3
1123,1123,3
1124,1124,2
1125,1125,1
1126,1126,1
1127,1127,0
1128,1128,5
1129,1129,7
1130,1130,5
1131,1131,2
1132,1132,2
1133,1133,4
1134,1134,0
1135,1135,4
1136,1136,0
1137,1137,0
1138,1138,5
1139,1139,5
1140,1140,1
1141,1141,1
1142,1142,2
1143,1143,7
1144,1144,2
1145,1145,0
1146,1146,4
1147,1147,3
1148,1148,5
1149,1149,6
1150,1150,2
1151,1151,1
1152,1152,5
1153,1153,7
1154,1154,2
1155,1155,1
1156,1156,4
1157,1157,2
1158,1158,0
1159,1159,2
1160,1160,1
1161,1161,2
1162,1162,3
1163,1163,1
1164,1164,5
1165,1165,7
1166,1166,6
1167,1167,0
1168,1168,6
1169,1169,5
1170,1170,2
1171,1171,2
1172,1172,6
1173,1173,3
1174,1174,7
1175,1175,3
1176,1176,3
1177,1177,0
1178,1178,4
1179,1179,2
1180,1180,6
1181,1181,7
1182,1182,1
1183,1183,1
1184,1184,6
1185,1185,4
1186,1186,3
1187,1187,4
1188,1188,0
1189,1189,2
1190,1190,0
1191,1191,2
1192,1192,1
1193,1193,0
1194,1194,7
1195,1195,3
1196,1196,6
1197,1197,7
1198,1198,2
1199,1199,7
1200,1200,2
1201,1201,2
1202,1202,0
1203,1203,2
1204,1204,0
1205,1205,2
1206,1206,7
1207,1207,1
1208,1208,3
1209,1209,5
1210,1210,7
1211,1211,4
1212,1212,5
1213,1213,2
1214,1214,4
1215,1215,0
1216,1216,3
1217,1217,6
1218,1218,2
1219,1219,2
1220,1220,5
1221,1221,3
1222,1222,3
1223,1223,2
1224,1224,0
1225,1225,7
1226,1226,4
1227,1227,2
1228,1228,3
1229,1229,6
1230,1230,1
1231,1231,5
1232,1232,2
1233,1233,3
1234,1234,3
1235,1235,2
1236,1236,0
1237,1237,1
1238,1238,6
1239,1239,0
1240,1240,1
1241,1241,7
1242,1242,7
1243,1243,5
1244,1244,1
1245,1245,5
1246,1246,1
1247,1247,1
1248,1248,2
1249,1249,4
1250,1250,5
1251,1251,0
1252,1252,5
1253,1253,4
1254,1254,7
1255,1255,0
1256,1256,1
1257,1257,5
1258,1258,6
1259,1259,6
1260,1260,7
1261,1261,1
1262,1262,7
1263,1263,1
1264,1264,0
1265,1265,4
1266,1266,5
1267,1267,6
1268,1268,5
1269,1269,5
1270,1270,4
1271,1271,4
1272,1272,7
1273,1273,6
1274,1274,4
1275,1275,0
1276,1276,4
1277,1277,1
1278,1278,1
1279,1279,2
1280,1280,3
1281,1281,2
1282,1282,3
1283,1283,1
1284,1284,0
1285,1285,0
1286,1286,0
1287,1287,3
1288,1288,5
1289,1289,1
1290,1290,0
1291,1291,6
1292,1292,3
1293,1293,4
1294,1294,1
1295,1295,0
1296,1296,0
1297,1297,2
1298,1298,1
1299,1299,2
1300,1300,6
1301,1301,6
1302,1302,5
1303,1303,4
1304,1304,0
1305,1305,1
1306,1306,2
1307,1307,0
1308,1308,4
1309,1309,4
1310,1310,2
1311,1311,2
1312,1312,3
1313,1313,4
1314,1314,1
1315,1315,0
1316,1316,7
1317,1317,5
1318,1318,1
1319,1319,3
1320,1320,3
1321,1321,0
1322,1322,6
1323,1323,1
1324,1324,1
1325,1325,2
1326,1326,6
1327,1327,1
1328,1328,2
1329,1329,1
1330,1330,6
1331,1331,5
1332,1332,4
1333,1333,6
1334,1334,5
1335,1335,2
1336,1336,3
1337,1337,5
1338,1338,5
1339,1339,4
1340,1340,5
1341,1341,3
1342,1342,3
1343,1343,2
1344,1344,1
1345,1345,2
1346,1346,1
1347,1347,4
1348,1348,3
1349,1349,3
1350,1350,4
1351,1351,0
1352,1352,6
1353,1353,0
1354,1354,7
1355,1355,7
1356,1356,4
1357,1357,5
1358,1358,1
1359,1359,7
1360,1360,1
1361,1361,7
1362,1362,6
1363,1363,7
1364,1364,3
1365,1365,4
1366,1366,0
1367,1367,3
1368,1368,4
1369,1369,0
1370,1370,4
1371,1371,7
1372,1372,3
1373,1373,6
1374,1374,2
1375,1375,2
1376,1376,3
1377,1377,1
1378,1378,6
1379,1379,6
1380,1380,5
1381,1381,3
1382,1382,2
1383,1383,6
1384,1384,0
1385,1385,0
1386,1386,4
1387,1387,5
1388,1388,2
1389,1389,1
1390,1390,5
1391,1391,2
1392,1392,5
1393,1393,3
1394,1394,6
1395,1395,2
1396,1396,0
1397,1397,3
1398,1398,3
1399,1399,5
1400,1400,6
1401,1401,2
1402,1402,7
1403,1403,2
1404,1404,1
1405,1405,5
1406,1406,0
1407,1407,3
1408,1408,6
1409,1409,7
1410,1410,3
1411,1411,3
1412,1412,6
1413,1413,5
1414,1414,1
1415,1415,1
1416,1416,5
1417,1417,2
1418,1418,5
1419,1419,0
1420,1420,4
1421,1421,0
1422,1422,4
1423,1423,6
1424,1424,5
1425,1425,4
1426,1426,1
1427,1427,4
1428,1428,1
1429,1429,3
1430,1430,5
1431,1431,0
1432,1432,0
1433,1433,3
1434,1434,4
1435,1435,5
1436,1436,4
1437,1437,2
1438,1438,0
1439,1439,3
1440,1440,1
1441,1441,5
1442,1442,6
1443,1443,5
1444,1444,2
1445,1445,3
1446,1446,4
1447,1447,6
1448,1448,7
1449,1449,3
1450,1450,3
1451,1451,0
1452,1452,4
1453,1453,4
1454,1454,1
1455,1455,4
1456,1456,0
1457,1457,3
1458,1458,2
1459,1459,3
1460,1460,3
1461,1461,3
1462,1462,2
1463,1463,7
1464,1464,5
1465,1465,5
1466,1466,4
1467,1467,1
1468,1468,5
1469,1469,5
1470,1470,0
1471,1471,2
1472,1472,4
1473,1473,1
1474,1474,7
1475,1475,4
1476,1476,0
1477,1477,3
1478,1478,0
1479,1479,0
1480,1480,2
1481,1481,6
1482,1482,5
1483,1483,2
1484,1484,5
1485,1485,1
1486,1486,5
1487,1487,4
1488,1488,4
1489,1489,3
1490,1490,7
1491,1491,1
1492,1492,6
1493,1493,6
1494,1494,5
1495,1495,5
1496,1496,4
1497,1497,0
1498,1498,6
1499,1499,6
1500,1500,0
1501,1501,4
1502,1502,0
1503,1503,2
1504,1504,7
1505,1505,7
1506,1506,2
1507,1507,4
1508,1508,2
1509,1509,4
1510,1510,3
1511,1511,2
1512,1512,4
1513,1513,4
1514,1514,6
1515,1515,2
1516,1516,6
1517,1517,2
1518,1518,4
1519,1519,6
1520,1520,5
1521,1521,2
1522,1522,3
1523,1523,2
1524,1524,2
1525,1525,2
1526,1526,2
1527,1527,3
1528,1528,6
1529,1529,2
1530,1530,6
1531,1531,2
1532,1532,6
1533,1533,3
1534,1534,4
1535,1535,6
1536,1536,2
1537,1537,0
1538,1538,5
1539,1539,7
1540,1540,4
1541,1541,0
1542,1542,6
1543,1543,5
1544,1544,6
1545,1545,6
1546,1546,7
1547,1547,7
1548,1548,0
1549,1549,4
1550,1550,4
1551,1551,5
1552,1552,3
1553,1553,4
1554,1554,1
1555,1555,4
1556,1556,0
1557,1557,0
1558,1558,7
1559,1559,6
1560,1560,0
1561,1561,5
1562,1562,3
1563,1563,2
1564,1564,5
1565,1565,0
1566,1566,4
1567,1567,6
1568,1568,7
1569,1569,0
1570,1570,1
1571,1571,2
1572,1572,5
1573,1573,0
1574,1574,0
1575,1575,7
1576,1576,4
1577,1577,7
1578,1578,4
1579,1579,4
1580,1580,3
1581,1581,3
1582,1582,0
1583,1583,0
1584,1584,1
1585,1585,1
1586,1586,5
1587,1587,5
1588,1588,6
1589,1589,2
1590,1590,4
1591,1591,7
1592,1592,6
1593,1593,2
1594,1594,0
1595,1595,5
1596,1596,2
1597,1597,7
1598,1598,0
1599,1599,6
1600,1600,6
1601,1601,6
1602,1602,2
1603,1603,4
1604,1604,1
1605,1605,1
1606,1606,1
1607,1607,4
1608,1608,0
1609,1609,0
1610,1610,7
1611,1611,0
1612,1612,5
1613,1613,4
1614,1614,7
1615,1615,6
1616,1616,1
1617,1617,5
1618,1618,6
1619,1619,6
1620,1620,5
1621,1621,0
1622,1622,0
1623,1623,1
1624,1624,1
1625,1625,5
1626,1626,5
1627,1627,1
1628,1628,7
1629,1629,5
1630,1630,2
1631,1631,3
1632,1632,0
1633,1633,5
1634,1634,6
1635,1635,1
1636,1636,1
1637,1637,4
1638,1638,2
1639,1639,4
1640,1640,4
1641,1641,7
1642,1642,1
1643,1643,5
1644,1644,3
1645,1645,5
1646,1646,2
1647,1647,7
1648,1648,0
1649,1649,0
1650,1650,3
1651,1651,5
1652,1652,4
1653,1653,2
1654,1654,3
1655,1655,2
1656,1656,0
1657,1657,6
1658,1658,0
1659,1659,1
1660,1660,6
1661,1661,3
1662,1662,5
1663,1663,0
1664,1664,3
1665,1665,1
1666,1666,7
1667,1667,5
1668,1668,1
1669,1669,1
1670,1670,3
1671,1671,1
1672,1672,3
1673,1673,2
1674,1674,4
1675,1675,6
1676,1676,3
1677,1677,2
1678,1678,3
1679,1679,1
1680,1680,0
1681,1681,1
1682,1682,0
1683,1683,4
1684,1684,2
1685,1685,3
1686,1686,5
1687,1687,6
1688,1688,2
1689,1689,4
1690,1690,3
1691,1691,3
1692,1692,5
1693,1693,3
1694,1694,3
1695,1695,2
1696,1696,4
1697,1697,5
1698,1698,2
1699,1699,3
1700,1700,3
1701,1701,7
1702,1702,2
1703,1703,2
1704,1704,0
1705,1705,3
1706,1706,1
1707,1707,3
1708,1708,7
1709,1709,6
1710,1710,5
1711,1711,2
1712,1712,0
1713,1713,6
1714,1714,5
1715,1715,7
1716,1716,0
1717,1717,5
1718,1718,6
1719,1719,2
1720,1720,2
1721,1721,7
1722,1722,6
1723,1723,6
1724,1724,7
1725,1725,7
1726,1726,5
1727,1727,5
1728,1728,2
1729,1729,5
1730,1730,5
1731,1731,4
1732,1732,3
1733,1733,7
1734,1734,0
1735,1735,1
1736,1736,1
1737,1737,0
1738,1738,0
1739,1739,5
1740,1740,7
1741,1741,1
1742,1742,5
1743,1743,6
1744,1744,7
1745,1745,3
1746,1746,3
1747,1747,6
1748,1748,4
1749,1749,7
1750,1750,3
1751,1751,4
1752,1752,6
1753,1753,6
1754,1754,7
1755,1755,6
1756,1756,7
1757,1757,7
1758,1758,5
1759,1759,6
1760,1760,0
1761,1761,6
1762,1762,7
1763,1763,0
1764,1764,6
1765,1765,0
1766,1766,2
1767,1767,1
1768,1768,6
1769,1769,0
1770,1770,3
1771,1771,4
1772,1772,6
1773,1773,5
1774,1774,2
1775,1775,6
1776,1776,0
1777,1777,5
1778,1778,4
1779,1779,5
1780,1780,7
1781,1781,4
1782,1782,1
1783,1783,4
1784,1784,2
1785,1785,1
1786,1786,5
1787,1787,1
1788,1788,0
1789,1789,5
1790,1790,4
1791,1791,0
1792,1792,4
1793,1793,6
1794,1794,7
1795,1795,2
1796,1796,2
1797,1797,6
1798,1798,7
1799,1799,2
1800,1800,1
1801,1801,3
1802,1802,6
1803,1803,3
1804,1804,6
1805,1805,7
1806,1806,7
1807,1807,4
1808,1808,3
1809,1809,4
1810,1810,1
1811,1811,3
1812,1812,0
1813,1813,1
1814,1814,6
1815,1815,3
1816,1816,7
1817,1817,5
1818,1818,2
1819,1819,6
1820,1820,6
1821,1821,1
1822,1822,7
1823,1823,2
1824,1824,5
1825,1825,4
1826,1826,4
1827,1827,1
1828,1828,5
1829,1829,2
1830,1830,6
1831,1831,4
1832,1832,5
1833,1833,5
1834,1834,4
1835,1835,2
1836,1836,1
1837,1837,3
1838,1838,0
1839,1839,0
1840,1840,3
1841,1841,7
1842,1842,3
1843,1843,1
1844,1844,0
1845,1845,0
1846,1846,2
1847,1847,6
1848,1848,4
1849,1849,1
1850,1850,5
1851,1851,2
1852,1852,5
1853,1853,7
1854,1854,6
1855,1855,7
1856,1856,1
1857,1857,4
1858,1858,7
1859,1859,5
1860,1860,4
1861,1861,0
1862,1862,0
1863,1863,0
1864,1864,5
1865,1865,6
1866,1866,2
1867,1867,3
1868,1868,7
1869,1869,1
1870,1870,6
1871,1871,0
1872,1872,7
1873,1873,1
1874,1874,1
1875,1875,3
1876,1876,4
1877,1877,2
1878,1878,6
1879,1879,2
1880,1880,2
1881,1881,3
1882,1882,7
1883,1883,5
1884,1884,4
1885,1885,6
1886,1886,1
1887,1887,4
1888,1888,3
1889,1889,5
1890,1890,1
1891,1891,6
1892,1892,2
1893,1893,0
1894,1894,3
1895,1895,6
1896,1896,0
1897,1897,3
1898,1898,4
1899,1899,4
1900,1900,3
1901,1901,0
1902,1902,3
1903,1903,4
1904,1904,5
1905,1905,6
1906,1906,0
1907,1907,7
1908,1908,4
1909,1909,5
1910,1910,4
1911,1911,1
1912,1912,2
1913,1913,7
1914,1914,3
1915,1915,3
1916,1916,7
1917,1917,3
1918,1918,0
1919,1919,6
1920,1920,0
1921,1921,0
1922,1922,6
1923,1923,6
1924,1924,1
1925,1925,7
1926,1926,0
1927,1927,4
1928,1928,2
1929,1929,5
1930,1930,3
1931,1931,4
1932,1932,1
1933,1933,4
1934,1934,6
1935,1935,1
1936,1936,3
1937,1937,0
1938,1938,6
1939,1939,7
1940,1940,4
1941,1941,6
1942,1942,4
1943,1943,5
1944,1944,7
1945,1945,7
1946,1946,7
1947,1947,6
1948,1948,7
1949,1949,1
1950,1950,1
1951,1951,1
1952,1952,7
1953,1953,1
1954,1954,6
1955,1955,3
1956,1956,4
1957,1957,6
1958,1958,3
1959,1959,4
1960,1960,6
1961,1961,4
1962,1962,1
1963,1963,5
1964,1964,3
1965,1965,4
1966,1966,2
1967,1967,3
1968,1968,4
1969,1969,3
1970,1970,4
1971,1971,3
1972,1972,3
1973,1973,3
1974,1974,1
1975,1975,5
1976,1976,1
1977,1977,0
1978,1978,1
1979,1979,5
1980,1980,4
1981,1981,6
1982,1982,1
1983,1983,5
1984,1984,2
1985,1985,0
1986,1986,7
1987,1987,7
1988,1988,0
1989,1989,1
1990,1990,2
1991,1991,7
1992,1992,7
1993,1993,6
1994,1994,7
1995,1995,0
1996,1996,4
1997,1997,0
1998,1998,0
1999,1999,1
2000,2000,6
2001,2001,5
2002,2002,4
2003,2003,1
2004,2004,2
2005,2005,4
2006,2006,6
2007,2007,5
2008,2008,4
2009,2009,6
2010,2010,2
2011,2011,5
2012,2012,0
2013,2013,4
2014,2014,6
2015,2015,5
2016,2016,0
2017,2017,0
2018,2018,5
2019,2019,3
2020,2020,2
2021,2021,4
2022,2022,2
2023,2023,6
2024,2024,2
2025,2025,0
2026,2026,6
2027,2027,5
2028,2028,7
2029,2029,6
2030,2030,5
2031,2031,0
2032,2032,4
2033,2033,0
2034,2034,5
2035,2035,3
2036,2036,4
2037,2037,4
2038,2038,4
2039,2039,5
2040,2040,7
2041,2041,3
2042,2042,2
2043,2043,3
2044,2044,3
2045,2045,2
2046,2046,3
2047,2047,7
2048,2048,2
2049,2049,2
2050,2050,5
2051,2051,6
2052,2052,2
2053,2053,3
2054,2054,3
2055,2055,4
2056,2056,1
2057,2057,7
2058,2058,0
2059,2059,5
2060,2060,6
2061,2061,6
2062,2062,2
2063,2063,0
2064,2064,3
2065,2065,1
2066,2066,4
2067,2067,5
2068,2068,5
2069,2069,5
2070,2070,4
2071,2071,6
2072,2072,6
2073,2073,3
2074,2074,5
2075,2075,4
2076,2076,1
2077,2077,3
2078,2078,3
2079,2079,5
2080,2080,7
2081,2081,2
2082,2082,6
2083,2083,5
2084,2084,2
2085,2085,4
2086,2086,6
2087,2087,6
2088,2088,4
2089,2089,4
2090,2090,6
2091,2091,1
2092,2092,1
2093,2093,0
2094,2094,3
2095,2095,0
2096,2096,0
2097,2097,2
2098,2098,6
2099,2099,4
2100,2100,0
2101,2101,1
2102,2102,0
2103,2103,4
2104,2104,3
2105,2105,0
2106,2106,4
2107,2107,5
2108,2108,7
2109,2109,3
2110,2110,0
2111,2111,1
2112,2112,4
2113,2113,4
2114,2114,5
2115,2115,6
2116,2116,5
2117,2117,5
2118,2118,4
2119,2119,4
2120,2120,4
2121,2121,6
2122,2122,6
2123,2123,7
2124,2124,7
2125,2125,7
2126,2126,6
2127,2127,7
2128,2128,3
2129,2129,4
2130,2130,7
2131,2131,5
2132,2132,3
2133,2133,4
2134,2134,3
2135,2135,1
2136,2136,3
2137,2137,5
2138,2138,0
2139,2139,2
2140,2140,2
2141,2141,4
2142,2142,7
2143,2143,4
2144,2144,0
2145,2145,5
2146,2146,7
2147,2147,5
2148,2148,1
2149,2149,4
2150,2150,1
2151,2151,1
2152,2152,5
2153,2153,2
2154,2154,5
2155,2155,4
2156,2156,3
2157,2157,0
2158,2158,6
2159,2159,4
2160,2160,5
2161,2161,5
2162,2162,6
2163,2163,0
2164,2164,5
2165,2165,7
2166,2166,1
2167,2167,2
2168,2168,5
2169,2169,1
2170,2170,1
2171,2171,6
2172,2172,0
2173,2173,6
2174,2174,2
2175,2175,3
2176,2176,7
2177,2177,2
2178,2178,6
2179,2179,7
2180,2180,6
2181,2181,6
2182,2182,5
2183,2183,2
2184,2184,2
2185,2185,7
2186,2186,2
2187,2187,0
2188,2188,2
2189,2189,2
2190,2190,1
2191,2191,4
2192,2192,5
2193,2193,6
2194,2194,3
2195,2195,4
2196,2196,0
2197,2197,5
2198,2198,3
2199,2199,6
2200,2200,5
2201,2201,5
2202,2202,4
2203,2203,2
2204,2204,4
2205,2205,2
2206,2206,3
2207,2207,2
2208,2208,6
2209,2209,0
2210,2210,5
2211,2211,5
2212,2212,3
2213,2213,6
2214,2214,2
2215,2215,3
2216,2216,5
2217,2217,4
2218,2218,2
2219,2219,3
2220,2220,1
2221,2221,4
2222,2222,5
2223,2223,2
2224,2224,3
2225,2225,0
2226,2226,1
2227,2227,3
2228,2228,1
2229,2229,4
2230,2230,7
2231,2231,0
2232,2232,4
2233,2233,2
2234,2234,3
2235,2235,7
2236,2236,5
2237,2237,7
2238,2238,3
2239,2239,6
2240,2240,1
2241,2241,2
2242,2242,1
2243,2243,0
2244,2244,7
2245,2245,4
2246,2246,7
2247,2247,5
2248,2248,1
2249,2249,2
2250,2250,3
2251,2251,2
2252,2252,2
2253,2253,2
2254,2254,7
2255,2255,1
2256,2256,5
2257,2257,2
2258,2258,1
2259,2259,7
2260,2260,0
2261,2261,4
2262,2262,3
2263,2263,1
2264,2264,0
2265,2265,6
2266,2266,2
2267,2267,0
2268,2268,2
2269,2269,2
2270,2270,6
2271,2271,2
2272,2272,4
2273,2273,2
2274,2274,7
2275,2275,2
2276,2276,2
2277,2277,6
2278,2278,3
2279,2279,2
2280,2280,2
2281,2281,1
2282,2282,5
2283,2283,2
2284,2284,7
2285,2285,2
2286,2286,6
2287,2287,2
2288,2288,2
2289,2289,6
2290,2290,4
2291,2291,0
2292,2292,7
2293,2293,1
2294,2294,0
2295,2295,6
2296,2296,2
2297,2297,6
2298,2298,3
2299,2299,4
2300,2300,5
2301,2301,4
2302,2302,0
2303,2303,1
2304,2304,7
2305,2305,2
2306,2306,6
2307,2307,1
2308,2308,6
2309,2309,2
2310,2310,7
2311,2311,0
2312,2312,5
2313,2313,6
2314,2314,3
2315,2315,5
2316,2316,5
2317,2317,1
2318,2318,0
2319,2319,5
2320,2320,3
2321,2321,0
2322,2322,1
2323,2323,1
2324,2324,0
2325,2325,5
2326,2326,2
2327,2327,4
2328,2328,5
2329,2329,6
2330,2330,1
2331,2331,0
2332,2332,0
2333,2333,0
2334,2334,0
2335,2335,3
2336,2336,5
2337,2337,4
2338,2338,1
2339,2339,5
2340,2340,6
2341,2341,5
2342,2342,7
2343,2343,0
2344,2344,2
2345,2345,3
2346,2346,5
2347,2347,5
2348,2348,5
2349,2349,7
2350,2350,5
2351,2351,7
2352,2352,5
2353,2353,3
2354,2354,6
2355,2355,2
2356,2356,3
2357,2357,2
2358,2358,0
2359,2359,1
2360,2360,2
2361,2361,7
2362,2362,5
2363,2363,1
2364,2364,6
2365,2365,4
2366,2366,4
2367,2367,4
2368,2368,5
2369,2369,4
2370,2370,5
2371,2371,7
2372,2372,1
2373,2373,3
2374,2374,1
2375,2375,6
2376,2376,4
2377,2377,0
2378,2378,2
2379,2379,0
2380,2380,1
2381,2381,6
2382,2382,7
2383,2383,0
2384,2384,0
2385,2385,4
2386,2386,6
2387,2387,7
2388,2388,2
2389,2389,3
2390,2390,3
2391,2391,0
2392,2392,5
2393,2393,1
2394,2394,2
2395,2395,4
2396,2396,4
2397,2397,0
2398,2398,4
2399,2399,6
2400,2400,0
2401,2401,6
2402,2402,6
2403,2403,3
2404,2404,1
2405,2405,5
2406,2406,6
2407,2407,2
2408,2408,0
2409,2409,0
2410,2410,5
2411,2411,3
2412,2412,6
2413,2413,2
2414,2414,0
2415,2415,4
2416,2416,6
2417,2417,4
2418,2418,7
2419,2419,6
2420,2420,7
2421,2421,2
2422,2422,2
2423,2423,6
2424,2424,1
2425,2425,5
2426,2426,5
2427,2427,4
2428,2428,1
2429,2429,1
2430,2430,7
2431,2431,7
2432,2432,5
2433,2433,0
2434,2434,6
2435,2435,1
2436,2436,1
2437,2437,2
2438,2438,6
2439,2439,5
2440,2440,1
2441,2441,6
2442,2442,2
2443,2443,6
2444,2444,3
2445,2445,1
2446,2446,7
2447,2447,1
2448,2448,4
2449,2449,6
2450,2450,6
2451,2451,0
2452,2452,5
2453,2453,5
2454,2454,0
2455,2455,2
2456,2456,2
2457,2457,2
2458,2458,3
2459,2459,0
2460,2460,4
2461,2461,4
2462,2462,4
2463,2463,5
2464,2464,5
2465,2465,6
2466,2466,1
2467,2467,7
2468,2468,6
2469,2469,5
2470,2470,5
2471,2471,4
2472,2472,5
2473,2473,5
2474,2474,2
2475,2475,5
2476,2476,4
2477,2477,2
2478,2478,1
2479,2479,0
2480,2480,3
2481,2481,4
2482,2482,5
2483,2483,4
2484,2484,2
2485,2485,1
2486,2486,5
2487,2487,2
2488,2488,7
2489,2489,6
2490,2490,4
2491,2491,3
2492,2492,5
2493,2493,7
2494,2494,7
2495,2495,4
2496,2496,1
2497,2497,0
2498,2498,4
2499,2499,7
2500,2500,2
2501,2501,4
2502,2502,5
2503,2503,7
2504,2504,6
2505,2505,2
2506,2506,4
2507,2507,6
2508,2508,1
2509,2509,0
2510,2510,1
2511,2511,7
2512,2512,2
2513,2513,4
2514,2514,0
2515,2515,6
2516,2516,0
2517,2517,3
2518,2518,0
2519,2519,4
2520,2520,2
2521,2521,5
2522,2522,0
2523,2523,4
2524,2524,4
2525,2525,6
2526,2526,0
2527,2527,4
2528,2528,6
2529,2529,4
2530,2530,5
2531,2531,4
2532,2532,6
2533,2533,7
2534,2534,3
2535,2535,5
2536,2536,5
2537,2537,5
2538,2538,4
2539,2539,1
2540,2540,7
2541,2541,5
2542,2542,6
2543,2543,7
2544,2544,5
2545,2545,1
2546,2546,7
2547,2547,3
2548,2548,7
2549,2549,2
2550,2550,5
2551,2551,0
2552,2552,7
2553,2553,5
2554,2554,2
2555,2555,2
2556,2556,1
2557,2557,5
2558,2558,5
2559,2559,2
2560,2560,5
2561,2561,5
2562,2562,0
2563,2563,4
2564,2564,3
2565,2565,7
2566,2566,6
2567,2567,5
2568,2568,6
2569,2569,6
2570,2570,1
2571,2571,6
2572,2572,7
2573,2573,0
2574,2574,1
2575,2575,4
2576,2576,4
2577,2577,5
2578,2578,1
2579,2579,5
2580,2580,7
2581,2581,1
2582,2582,6
2583,2583,5
2584,2584,7
2585,2585,4
2586,2586,5
2587,2587,0
2588,2588,5
2589,2589,1
2590,2590,3
2591,2591,3
2592,2592,7
2593,2593,0
2594,2594,1
2595,2595,3
2596,2596,3
2597,2597,6
2598,2598,0
2599,2599,6
2600,2600,5
2601,2601,7
2602,2602,2
2603,2603,2
2604,2604,1
2605,2605,3
2606,2606,1
2607,2607,3
2608,2608,2
2609,2609,2
2610,2610,2
2611,2611,0
2612,2612,6
2613,2613,0
2614,2614,2
2615,2615,2
2616,2616,5
2617,2617,6
2618,2618,6
2619,2619,3
2620,2620,3
2621,2621,2
2622,2622,1
2623,2623,4
2624,2624,0
2625,2625,4
2626,2626,3
2627,2627,0
2628,2628,0
2629,2629,6
2630,2630,2
2631,2631,3
2632,2632,5
2633,2633,4
2634,2634,5
2635,2635,6
2636,2636,1
2637,2637,1
2638,2638,4
2639,2639,4
2640,2640,4
2641,2641,4
2642,2642,1
2643,2643,4
2644,2644,6
2645,2645,1
2646,2646,4
2647,2647,5
2648,2648,4
2649,2649,6
2650,2650,3
2651,2651,1
2652,2652,6
2653,2653,5
2654,2654,4
2655,2655,7
2656,2656,2
2657,2657,0
2658,2658,1
2659,2659,2
2660,2660,2
2661,2661,4
2662,2662,1
2663,2663,3
2664,2664,6
2665,2665,7
2666,2666,4
2667,2667,0
2668,2668,4
2669,2669,5
2670,2670,0
2671,2671,5
2672,2672,1
2673,2673,2
2674,2674,0
2675,2675,2
2676,2676,2
2677,2677,6
2678,2678,3
2679,2679,7
2680,2680,1
2681,2681,4
2682,2682,6
2683,2683,3
2684,2684,1
2685,2685,2
2686,2686,0
2687,2687,4
2688,2688,1
2689,2689,2
2690,2690,0
2691,2691,3
2692,2692,0
2693,2693,0
2694,2694,6
2695,2695,7
2696,2696,6
2697,2697,1
2698,2698,3
2699,2699,1
2700,2700,5
2701,2701,4
2702,2702,2
2703,2703,2
2704,2704,4
2705,2705,6
2706,2706,1
2707,2707,5
2708,2708,3
2709,2709,3
2710,2710,4
2711,2711,2
2712,2712,0
2713,2713,4
2714,2714,1
2715,2715,1
2716,2716,4
2717,2717,2
2718,2718,3
2719,2719,5
2720,2720,2
2721,2721,6
2722,2722,0
2723,2723,7
2724,2724,6
2725,2725,6
2726,2726,0
2727,2727,3
2728,2728,2
2729,2729,4
2730,2730,2
2731,2731,3
2732,2732,4
2733,2733,5
2734,2734,2
2735,2735,4
2736,2736,2
2737,2737,2
2738,2738,2
2739,2739,1
2740,2740,7
2741,2741,4
2742,2742,2
2743,2743,2
2744,2744,2
2745,2745,5
2746,2746,0
2747,2747,1
2748,2748,4
2749,2749,6
2750,2750,5
2751,2751,3
2752,2752,3
2753,2753,0
2754,2754,4
2755,2755,7
2756,2756,7
2757,2757,0
2758,2758,2
2759,2759,5
2760,2760,1
2761,2761,7
2762,2762,2
2763,2763,3
2764,2764,3
2765,2765,4
2766,2766,6
2767,2767,0
2768,2768,1
2769,2769,7
2770,2770,7
2771,2771,5
2772,2772,7
2773,2773,2
2774,2774,1
2775,2775,1
2776,2776,0
2777,2777,2
2778,2778,7
2779,2779,3
2780,2780,6
2781,2781,3
2782,2782,6
2783,2783,1
2784,2784,5
2785,2785,1
2786,2786,4
2787,2787,2
2788,2788,5
2789,2789,5
2790,2790,6
2791,2791,3
2792,2792,4
2793,2793,5
2794,2794,4
2795,2795,2
2796,2796,5
2797,2797,0
2798,2798,0
2799,2799,1
2800,2800,1
2801,2801,0
2802,2802,3
2803,2803,0
2804,2804,2
2805,2805,4
2806,2806,6
2807,2807,0
2808,2808,5
2809,2809,7
2810,2810,5
2811,2811,5
2812,2812,2
2813,2813,1
2814,2814,6
2815,2815,7
2816,2816,4
2817,2817,3
2818,2818,6
2819,2819,2
2820,2820,4
2821,2821,0
2822,2822,4
2823,2823,4
2824,2824,6
2825,2825,4
2826,2826,3
2827,2827,0
2828,2828,2
2829,2829,3
2830,2830,4
2831,2831,0
2832,2832,5
2833,2833,1
2834,2834,5
2835,2835,3
2836,2836,1
2837,2837,4
2838,2838,6
2839,2839,1
2840,2840,3
2841,2841,6
2842,2842,1
2843,2843,7
2844,2844,6
2845,2845,6
2846,2846,2
2847,2847,7
2848,2848,7
2849,2849,6
2850,2850,5
2851,2851,6
2852,2852,1
2853,2853,6
2854,2854,7
2855,2855,3
2856,2856,0
2857,2857,2
2858,2858,3
2859,2859,1
2860,2860,4
2861,2861,2
2862,2862,2
2863,2863,4
2864,2864,7
2865,2865,2
2866,2866,3
2867,2867,6
2868,2868,4
2869,2869,4
2870,2870,2
2871,2871,1
2872,2872,2
2873,2873,2
2874,2874,3
2875,2875,5
2876,2876,4
2877,2877,2
2878,2878,5
2879,2879,6
2880,2880,2
2881,2881,2
2882,2882,0
2883,2883,2
2884,2884,5
2885,2885,1
2886,2886,5
2887,2887,5
2888,2888,6
2889,2889,3
2890,2890,6
2891,2891,6
2892,2892,5
2893,2893,4
2894,2894,0
2895,2895,3
2896,2896,4
2897,2897,3
2898,2898,7
2899,2899,5
2900,2900,3
2901,2901,7
2902,2902,5
2903,2903,0
2904,2904,2
2905,2905,2
2906,2906,3
2907,2907,4
2908,2908,0
2909,2909,4
2910,2910,2
2911,2911,7
2912,2912,0
2913,2913,4
2914,2914,2
2915,2915,3
2916,2916,5
2917,2917,2
2918,2918,4
2919,2919,4
2920,2920,1
2921,2921,0
2922,2922,4
2923,2923,6
2924,2924,4
2925,2925,7
2926,2926,3
2927,2927,6
2928,2928,2
2929,2929,6
2930,2930,7
2931,2931,5
2932,2932,7
2933,2933,7
2934,2934,2
2935,2935,2
2936,2936,2
2937,2937,0
2938,2938,6
2939,2939,3
2940,2940,7
2941,2941,3
2942,2942,0
2943,2943,1
2944,2944,7
2945,2945,2
2946,2946,4
2947,2947,1
2948,2948,7
2949,2949,5
2950,2950,6
2951,2951,1
2952,2952,7
2953,2953,4
2954,2954,4
2955,2955,0
2956,2956,0
2957,2957,6
2958,2958,1
2959,2959,3
2960,2960,7
2961,2961,6
2962,2962,1
2963,2963,7
2964,2964,3
2965,2965,7
2966,2966,0
2967,2967,6
2968,2968,4
2969,2969,0
2970,2970,0
2971,2971,3
2972,2972,6
2973,2973,6
2974,2974,0
2975,2975,7
2976,2976,6
2977,2977,5
2978,2978,7
2979,2979,5
2980,2980,6
2981,2981,4
2982,2982,4
2983,2983,0
2984,2984,3
2985,2985,2
2986,2986,2
2987,2987,6
2988,2988,4
2989,2989,6
2990,2990,7
2991,2991,5
2992,2992,7
2993,2993,3
2994,2994,7
2995,2995,6
2996,2996,1
2997,2997,4
2998,2998,1
2999,2999,5
3000,3000,0
3001,3001,4
3002,3002,0
3003,3003,7
3004,3004,1
3005,3005,3
3006,3006,0
3007,3007,5
3008,3008,5
3009,3009,3
3010,3010,2
3011,3011,7
3012,3012,6
3013,3013,6
3014,3014,7
3015,3015,6
3016,3016,4
3017,3017,0
3018,3018,1
3019,3019,2
3020,3020,6
3021,3021,2
3022,3022,1
3023,3023,6
3024,3024,1
3025,3025,2
3026,3026,6
3027,3027,1
3028,3028,6
3029,3029,0
3030,3030,2
3031,3031,3
3032,3032,4
3033,3033,1
3034,3034,1
3035,3035,7
3036,3036,6
3037,3037,5
3038,3038,5
3039,3039,5
3040,3040,4
3041,3041,1
3042,3042,0
3043,3043,0
3044,3044,0
3045,3045,0
3046,3046,3
3047,3047,6
3048,3048,1
3049,3049,3
3050,3050,7
3051,3051,5
3052,3052,5
3053,3053,0
3054,3054,3
3055,3055,7
3056,3056,3
3057,3057,0
3058,3058,1
3059,3059,0
3060,3060,0
3061,3061,0
3062,3062,6
3063,3063,1
3064,3064,3
3065,3065,7
3066,3066,4
3067,3067,3
3068,3068,1
3069,3069,4
3070,3070,4
3071,3071,3
3072,3072,2
3073,3073,4
3074,3074,5
3075,3075,7
3076,3076,4
3077,3077,1
3078,3078,7
3079,3079,0
3080,3080,2
3081,3081,1
3082,3082,7
3083,3083,4
3084,3084,3
3085,3085,7
3086,3086,7
3087,3087,3
3088,3088,0
3089,3089,4
3090,3090,7
3091,3091,4
3092,3092,0
3093,3093,6
3094,3094,4
3095,3095,3
3096,3096,4
3097,3097,0
3098,3098,4
3099,3099,1
3100,3100,6
3101,3101,4
3102,3102,0
3103,3103,0
3104,3104,5
3105,3105,2
3106,3106,7
3107,3107,2
3108,3108,6
3109,3109,4
3110,3110,6
3111,3111,3
3112,3112,4
3113,3113,1
3114,3114,4
3115,3115,2
3116,3116,4
3117,3117,4
3118,3118,1
3119,3119,0
3120,3120,4
3121,3121,6
3122,3122,3
3123,3123,7
3124,3124,3
3125,3125,7
3126,3126,4
3127,3127,7
3128,3128,7
3129,3129,7
3130,3130,7
3131,3131,2
3132,3132,3
3133,3133,1
3134,3134,5
3135,3135,4
3136,3136,6
3137,3137,3
3138,3138,2
3139,3139,6
3140,3140,5
3141,3141,0
3142,3142,4
3143,3143,7
3144,3144,3
3145,3145,2
3146,3146,3
3147,3147,4
3148,3148,4
3149,3149,7
3150,3150,5
3151,3151,5
3152,3152,1
3153,3153,3
3154,3154,7
3155,3155,7
3156,3156,7
3157,3157,4
3158,3158,6
3159,3159,3
3160,3160,5
3161,3161,3
3162,3162,7
3163,3163,4
3164,3164,1
3165,3165,1
3166,3166,7
3167,3167,1
3168,3168,5
3169,3169,4
3170,3170,5
3171,3171,6
3172,3172,7
3173,3173,1
3174,3174,6
3175,3175,7
3176,3176,7
3177,3177,4
3178,3178,7
3179,3179,7
3180,3180,0
3181,3181,5
3182,3182,5
3183,3183,2
3184,3184,0
3185,3185,0
3186,3186,7
3187,3187,1
3188,3188,5
3189,3189,7
3190,3190,4
3191,3191,6
3192,3192,4
3193,3193,5
3194,3194,5
3195,3195,1
3196,3196,1
3197,3197,6
3198,3198,0
3199,3199,0
3200,3200,2
3201,3201,3
3202,3202,3
3203,3203,2
3204,3204,6
3205,3205,5
3206,3206,3
3207,3207,4
3208,3208,5
3209,3209,1
3210,3210,5
3211,3211,3
3212,3212,2
3213,3213,0
3214,3214,2
3215,3215,3
3216,3216,1
3217,3217,6
3218,3218,2
3219,3219,3
3220,3220,1
3221,3221,4
3222,3222,3
3223,3223,7
3224,3224,5
3225,3225,3
3226,3226,0
3227,3227,3
3228,3228,5
3229,3229,1
3230,3230,6
3231,3231,4
3232,3232,4
3233,3233,2
3234,3234,3
3235,3235,2
3236,3236,0
3237,3237,4
3238,3238,2
3239,3239,4
3240,3240,0
3241,3241,7
3242,3242,0
3243,3243,4
3244,3244,3
3245,3245,7
3246,3246,3
3247,3247,7
3248,3248,6
3249,3249,3
3250,3250,3
3251,3251,7
3252,3252,0
3253,3253,7
3254,3254,4
3255,3255,2
3256,3256,3
3257,3257,7
3258,3258,3
3259,3259,7
3260,3260,1
3261,3261,6
3262,3262,4
3263,3263,2
3264,3264,2
3265,3265,1
3266,3266,5
3267,3267,2
3268,3268,5
3269,3269,1
3270,3270,3
3271,3271,6
3272,3272,1
3273,3273,1
3274,3274,6
3275,3275,3
3276,3276,3
3277,3277,1
3278,3278,0
3279,3279,2
3280,3280,0
3281,3281,1
3282,3282,3
3283,3283,1
3284,3284,5
3285,3285,0
3286,3286,1
3287,3287,5
3288,3288,3
3289,3289,5
3290,3290,0
3291,3291,3
3292,3292,5
3293,3293,2
3294,3294,0
3295,3295,1
3296,3296,0
3297,3297,6
3298,3298,7
3299,3299,6
3300,3300,4
3301,3301,2
3302,3302,0
3303,3303,5
3304,3304,6
3305,3305,1
3306,3306,6
3307,3307,6
3308,3308,1
3309,3309,2
3310,3310,1
3311,3311,4
3312,3312,2
3313,3313,2
3314,3314,4
3315,3315,1
3316,3316,4
3317,3317,1
3318,3318,4
3319,3319,5
3320,3320,1
3321,3321,4
3322,3322,6
3323,3323,7
3324,3324,2
3325,3325,7
3326,3326,3
3327,3327,4
3328,3328,1
3329,3329,1
3330,3330,1
3331,3331,5
3332,3332,0
3333,3333,2
3334,3334,5
3335,3335,1
3336,3336,1
3337,3337,2
3338,3338,6
3339,3339,1
3340,3340,4
3341,3341,1
3342,3342,0
3343,3343,3
3344,3344,5
3345,3345,7
3346,3346,1
3347,3347,5
3348,3348,0
3349,3349,4
3350,3350,5
3351,3351,3
3352,3352,4
3353,3353,1
3354,3354,3
3355,3355,1
3356,3356,4
3357,3357,5
3358,3358,6
3359,3359,4
3360,3360,1
3361,3361,4
3362,3362,0
3363,3363,5
3364,3364,7
3365,3365,4
3366,3366,4
3367,3367,1
3368,3368,1
3369,3369,4
3370,3370,0
3371,3371,4
3372,3372,5
3373,3373,2
3374,3374,6
3375,3375,7
3376,3376,1
3377,3377,3
3378,3378,0
3379,3379,4
3380,3380,2
3381,3381,6
3382,3382,1
3383,3383,1
3384,3384,3
3385,3385,3
3386,3386,4
3387,3387,0
3388,3388,6
3389,3389,1
3390,3390,1
3391,3391,2
3392,3392,2
3393,3393,2
3394,3394,4
3395,3395,2
3396,3396,1
3397,3397,7
3398,3398,5
3399,3399,6
3400,3400,3
3401,3401,0
3402,3402,5
3403,3403,0
3404,3404,1
3405,3405,0
3406,3406,3
3407,3407,3
3408,3408,6
3409,3409,1
3410,3410,2
3411,3411,3
3412,3412,0
3413,3413,7
3414,3414,1
3415,3415,1
3416,3416,0
3417,3417,0
3418,3418,2
3419,3419,6
3420,3420,7
3421,3421,0
3422,3422,2
3423,3423,2
3424,3424,5
3425,3425,1
3426,3426,1
3427,3427,2
3428,3428,5
3429,3429,5
3430,3430,0
3431,3431,0
3432,3432,1
3433,3433,3
3434,3434,4
3435,3435,6
3436,3436,6
3437,3437,2
3438,3438,3
3439,3439,3
3440,3440,2
3441,3441,3
3442,3442,1
3443,3443,4
3444,3444,0
3445,3445,2
3446,3446,0
3447,3447,6
3448,3448,4
3449,3449,0
3450,3450,0
3451,3451,6
3452,3452,0
3453,3453,4
3454,3454,7
3455,3455,4
3456,3456,0
3457,3457,7
3458,3458,2
3459,3459,4
3460,3460,1
3461,3461,2
3462,3462,6
3463,3463,7
3464,3464,0
3465,3465,0
3466,3466,3
3467,3467,5
3468,3468,0
3469,3469,3
3470,3470,2
3471,3471,1
3472,3472,1
3473,3473,4
3474,3474,5
3475,3475,5
3476,3476,6
3477,3477,6
3478,3478,1
3479,3479,0
3480,3480,6
3481,3481,1
3482,3482,1
3483,3483,2
3484,3484,5
3485,3485,4
3486,3486,2
3487,3487,1
3488,3488,5
3489,3489,1
3490,3490,1
3491,3491,7
3492,3492,4
3493,3493,7
3494,3494,3
3495,3495,4
3496,3496,2
3497,3497,1
3498,3498,6
3499,3499,5
3500,3500,7
3501,3501,5
3502,3502,1
3503,3503,7
3504,3504,3
3505,3505,6
3506,3506,7
3507,3507,4
3508,3508,3
3509,3509,0
3510,3510,5
3511,3511,6
3512,3512,7
3513,3513,3
3514,3514,3
3515,3515,1
3516,3516,4
3517,3517,5
3518,3518,6
3519,3519,4
3520,3520,7
3521,3521,4
3522,3522,2
3523,3523,6
3524,3524,5
3525,3525,1
3526,3526,7
3527,3527,5
3528,3528,1
3529,3529,0
3530,3530,5
3531,3531,5
3532,3532,3
3533,3533,2
3534,3534,0
3535,3535,0
3536,3536,5
3537,3537,3
3538,3538,6
3539,3539,2
3540,3540,2
3541,3541,1
3542,3542,3
3543,3543,1
3544,3544,0
3545,3545,3
3546,3546,2
3547,3547,6
3548,3548,7
3549,3549,5
3550,3550,4
3551,3551,7
3552,3552,5
3553,3553,0
3554,3554,5
3555,3555,3
3556,3556,7
3557,3557,4
3558,3558,4
3559,3559,2
3560,3560,3
3561,3561,4
3562,3562,7
3563,3563,2
3564,3564,2
3565,3565,5
3566,3566,5
3567,3567,1
3568,3568,2
3569,3569,0
3570,3570,6
3571,3571,2
3572,3572,2
3573,3573,3
3574,3574,1
3575,3575,0
3576,3576,7
3577,3577,0
3578,3578,1
3579,3579,3
3580,3580,1
3581,3581,6
3582,3582,6
3583,3583,3
3584,3584,6
3585,3585,3
3586,3586,1
3587,3587,1
3588,3588,4
3589,3589,7
3590,3590,7
3591,3591,3
3592,3592,6
3593,3593,4
3594,3594,3
3595,3595,7
3596,3596,2
3597,3597,2
3598,3598,1
3599,3599,5
3600,3600,6
3601,3601,1
3602,3602,7
3603,3603,0
3604,3604,7
3605,3605,5
3606,3606,3
3607,3607,4
3608,3608,0
3609,3609,5
3610,3610,1
3611,3611,6
3612,3612,3
3613,3613,3
3614,3614,1
3615,3615,5
3616,3616,1
3617,3617,5
3618,3618,5
3619,3619,5
3620,3620,7
3621,3621,4
3622,3622,5
3623,3623,6
3624,3624,2
3625,3625,0
3626,3626,5
3627,3627,1
3628,3628,1
3629,3629,7
3630,3630,3
3631,3631,5
3632,3632,0
3633,3633,1
3634,3634,4
3635,3635,1
3636,3636,3
3637,3637,0
3638,3638,7
3639,3639,0
3640,3640,1
3641,3641,0
3642,3642,6
3643,3643,6
3644,3644,6
3645,3645,5
3646,3646,6
3647,3647,1
3648,3648,0
3649,3649,6
3650,3650,1
3651,3651,1
3652,3652,4
3653,3653,4
3654,3654,3
3655,3655,1
3656,3656,4
3657,3657,2
3658,3658,1
3659,3659,1
3660,3660,1
3661,3661,5
3662,3662,1
3663,3663,1
3664,3664,3
3665,3665,1
3666,3666,5
3667,3667,4
3668,3668,7
3669,3669,0
3670,3670,5
3671,3671,0
3672,3672,5
3673,3673,3
3674,3674,3
3675,3675,4
3676,3676,2
3677,3677,3
3678,3678,5
3679,3679,7
3680,3680,7
3681,3681,0
3682,3682,1
3683,3683,3
3684,3684,2
3685,3685,1
3686,3686,2
3687,3687,3
3688,3688,5
3689,3689,2
3690,3690,4
3691,3691,1
3692,3692,4
3693,3693,1
3694,3694,2
3695,3695,2
3696,3696,4
3697,3697,5
3698,3698,4
3699,3699,3
3700,3700,5
3701,3701,1
3702,3702,0
3703,3703,1
3704,3704,1
3705,3705,0
3706,3706,7
3707,3707,6
3708,3708,2
3709,3709,3
3710,3710,5
3711,3711,1
3712,3712,2
3713,3713,0
3714,3714,3
3715,3715,1
3716,3716,3
3717,3717,3
3718,3718,0
3719,3719,6
3720,3720,2
3721,3721,6
3722,3722,5
3723,3723,0
3724,3724,7
3725,3725,2
3726,3726,1
3727,3727,3
3728,3728,7
3729,3729,3
3730,3730,0
3731,3731,1
3732,3732,5
3733,3733,6
3734,3734,2
3735,3735,4
3736,3736,6
3737,3737,1
3738,3738,7
3739,3739,0
3740,3740,3
3741,3741,1
3742,3742,3
3743,3743,3
3744,3744,1
3745,3745,3
3746,3746,2
3747,3747,4
3748,3748,3
3749,3749,1
3750,3750,6
3751,3751,6
3752,3752,2
3753,3753,0
3754,3754,1
3755,3755,6
3756,3756,2
3757,3757,2
3758,3758,0
3759,3759,0
3760,3760,2
3761,3761,6
3762,3762,6
3763,3763,2
3764,3764,5
3765,3765,6
3766,3766,7
3767,3767,2
3768,3768,4
3769,3769,3
3770,3770,2
3771,3771,1
3772,3772,1
3773,3773,0
3774,3774,7
3775,3775,2
3776,3776,2
3777,3777,3
3778,3778,0
3779,3779,1
3780,3780,4
3781,3781,0
3782,3782,2
3783,3783,0
3784,3784,2
3785,3785,5
3786,3786,3
3787,3787,0
3788,3788,7
3789,3789,1
3790,3790,3
3791,3791,1
3792,3792,0
3793,3793,3
3794,3794,6
3795,3795,4
3796,3796,4
3797,3797,1
3798,3798,1
3799,3799,7
3800,3800,6
3801,3801,6
3802,3802,4
3803,3803,5
3804,3804,7
3805,3805,1
3806,3806,1
3807,3807,4
3808,3808,3
3809,3809,3
3810,3810,7
3811,3811,1
3812,3812,1
3813,3813,4
3814,3814,3
3815,3815,6
3816,3816,5
3817,3817,4
3818,3818,3
3819,3819,7
3820,3820,2
3821,3821,0
3822,3822,1
3823,3823,7
3824,3824,5
3825,3825,2
3826,3826,4
3827,3827,1
3828,3828,3
3829,3829,6
3830,3830,4
3831,3831,0
3832,3832,3
3833,3833,0
3834,3834,0
3835,3835,7
3836,3836,4
3837,3837,2
3838,3838,2
3839,3839,6
3840,3840,0
3841,3841,2
3842,3842,3
3843,3843,0
3844,3844,0
3845,3845,4
3846,3846,7
3847,3847,0
3848,3848,1
3849,3849,3
3850,3850,4
3851,3851,1
3852,3852,3
3853,3853,6
3854,3854,4
3855,3855,5
3856,3856,3
3857,3857,4
3858,3858,7
3859,3859,3
3860,3860,6
3861,3861,6
3862,3862,2
3863,3863,1
3864,3864,6
3865,3865,5
3866,3866,3
3867,3867,5
3868,3868,1
3869,3869,4
3870,3870,2
3871,3871,5
3872,3872,0
3873,3873,1
3874,3874,1
3875,3875,5
3876,3876,5
3877,3877,7
3878,3878,2
3879,3879,0
3880,3880,4
3881,3881,1
3882,3882,4
3883,3883,5
3884,3884,3
3885,3885,5
3886,3886,0
3887,3887,0
3888,3888,3
3889,3889,5
3890,3890,6
3891,3891,3
3892,3892,5
3893,3893,5
3894,3894,5
3895,3895,3
3896,3896,6
3897,3897,7
3898,3898,2
3899,3899,2
3900,3900,4
3901,3901,4
3902,3902,2
3903,3903,6
3904,3904,4
3905,3905,7
3906,3906,2
3907,3907,2
3908,3908,7
3909,3909,2
3910,3910,0
3911,3911,3
3912,3912,6
3913,3913,2
3914,3914,6
3915,3915,0
3916,3916,4
3917,3917,5
3918,3918,1
3919,3919,3
3920,3920,7
3921,3921,6
3922,3922,1
3923,3923,0
3924,3924,0
3925,3925,3
3926,3926,0
3927,3927,5
3928,3928,1
3929,3929,3
3930,3930,4
3931,3931,4
3932,3932,1
3933,3933,1
3934,3934,6
3935,3935,3
3936,3936,1
3937,3937,6
3938,3938,1
3939,3939,3
3940,3940,5
3941,3941,2
3942,3942,7
3943,3943,6
3944,3944,2
3945,3945,6
3946,3946,4
3947,3947,2
3948,3948,0
3949,3949,0
3950,3950,1
3951,3951,4
3952,3952,5
3953,3953,2
3954,3954,4
3955,3955,4
3956,3956,2
3957,3957,3
3958,3958,1
3959,3959,0
3960,3960,0
3961,3961,6
3962,3962,2
3963,3963,1
3964,3964,4
3965,3965,3
3966,3966,0
3967,3967,4
3968,3968,5
3969,3969,7
3970,3970,6
3971,3971,6
3972,3972,3
3973,3973,0
3974,3974,4
3975,3975,6
3976,3976,1
3977,3977,6
3978,3978,0
3979,3979,4
3980,3980,2
3981,3981,6
3982,3982,4
3983,3983,0
3984,3984,5
3985,3985,1
3986,3986,2
3987,3987,0
3988,3988,1
3989,3989,2
3990,3990,3
3991,3991,2
3992,3992,5
3993,3993,5
3994,3994,5
3995,3995,0
3996,3996,1
3997,3997,1
3998,3998,2
3999,3999,5
4000,4000,1
4001,4001,0
4002,4002,7
4003,4003,4
4004,4004,1
4005,4005,6
4006,4006,7
4007,4007,6
4008,4008,1
4009,4009,0
4010,4010,3
4011,4011,1
4012,4012,0
4013,4013,6
4014,4014,6
4015,4015,1
4016,4016,2
4017,4017,2
4018,4018,5
4019,4019,5
4020,4020,3
4021,4021,6
4022,4022,2
4023,4023,2
4024,4024,2
4025,4025,6
4026,4026,4
4027,4027,0
4028,4028,6
4029,4029,6
4030,4030,5
4031,4031,3
4032,4032,3
4033,4033,4
4034,4034,6
4035,4035,2
4036,4036,6
4037,4037,2
4038,4038,6
4039,4039,0
4040,4040,2
4041,4041,2
4042,4042,4
4043,4043,1
4044,4044,2
4045,4045,2
4046,4046,1
4047,4047,2
4048,4048,6
4049,4049,7
4050,4050,0
4051,4051,1
4052,4052,1
4053,4053,0
4054,4054,5
4055,4055,4
4056,4056,6
4057,4057,3
4058,4058,3
4059,4059,5
4060,4060,2
4061,4061,0
4062,4062,0
4063,4063,7
4064,4064,7
4065,4065,0
4066,4066,0
4067,4067,4
4068,4068,0
4069,4069,7
4070,4070,6
4071,4071,0
4072,4072,0
4073,4073,0
4074,4074,0
4075,4075,2
4076,4076,6
4077,4077,4
4078,4078,0
4079,4079,1
4080,4080,0
4081,4081,4
4082,4082,1
4083,4083,2
4084,4084,3
4085,4085,0
4086,4086,6
4087,4087,3
4088,4088,0
4089,4089,5
4090,4090,1
4091,4091,7
4092,4092,1
4093,4093,0
4094,4094,2
4095,4095,5
4096,4096,2
4097,4097,5
4098,4098,1
4099,4099,5
4100,4100,1
4101,4101,1
4102,4102,4
4103,4103,6
4104,4104,0
4105,4105,4
4106,4106,2
4107,4107,4
4108,4108,0
4109,4109,3
4110,4110,2
4111,4111,5
4112,4112,5
4113,4113,1
4114,4114,2
4115,4115,5
4116,4116,1
4117,4117,3
4118,4118,0
4119,4119,0
4120,4120,5
4121,4121,4
4122,4122,4
4123,4123,2
4124,4124,0
4125,4125,4
4126,4126,4
4127,4127,4
4128,4128,2
4129,4129,2
4130,4130,4
4131,4131,0
4132,4132,2
4133,4133,0
4134,4134,5
4135,4135,6
4136,4136,3
4137,4137,5
4138,4138,5
4139,4139,5
4140,4140,6
4141,4141,5
4142,4142,1
4143,4143,0
4144,4144,7
4145,4145,5
4146,4146,5
4147,4147,1
4148,4148,1
4149,4149,7
4150,4150,1
4151,4151,5
4152,4152,2
4153,4153,6
4154,4154,6
4155,4155,6
4156,4156,7
4157,4157,5
4158,4158,6
4159,4159,2
4160,4160,1
4161,4161,0
4162,4162,3
4163,4163,5
4164,4164,0
4165,4165,6
4166,4166,5
4167,4167,3
4168,4168,2
4169,4169,0
4170,4170,7
4171,4171,5
4172,4172,5
4173,4173,1
4174,4174,5
4175,4175,3
4176,4176,6
4177,4177,4
4178,4178,0
4179,4179,0
4180,4180,3
4181,4181,7
4182,4182,5
4183,4183,5
4184,4184,5
4185,4185,5
4186,4186,7
4187,4187,7
4188,4188,2
4189,4189,3
4190,4190,5
4191,4191,1
4192,4192,1
4193,4193,4
4194,4194,6
4195,4195,1
4196,4196,4
4197,4197,2
4198,4198,2
4199,4199,1
4200,4200,3
4201,4201,6
4202,4202,4
4203,4203,2
4204,4204,0
4205,4205,0
4206,4206,6
4207,4207,5
4208,4208,2
4209,4209,5
4210,4210,6
4211,4211,0
4212,4212,1
4213,4213,5
4214,4214,3
4215,4215,4
4216,4216,2
4217,4217,3
4218,4218,4
4219,4219,7
4220,4220,7
4221,4221,0
4222,4222,0
4223,4223,2
4224,4224,4
4225,4225,0
4226,4226,5
4227,4227,2
4228,4228,4
4229,4229,5
4230,4230,2
4231,4231,7
4232,4232,1
4233,4233,7
4234,4234,0
4235,4235,2
4236,4236,5
4237,4237,5
4238,4238,7
4239,4239,4
4240,4240,1
4241,4241,2
4242,4242,5
4243,4243,3
4244,4244,1
4245,4245,0
4246,4246,4
4247,4247,5
4248,4248,3
4249,4249,5
4250,4250,5
4251,4251,7
4252,4252,3
4253,4253,3
4254,4254,4
4255,4255,2
4256,4256,3
4257,4257,4
4258,4258,3
4259,4259,3
4260,4260,1
4261,4261,1
4262,4262,2
4263,4263,7
4264,4264,6
4265,4265,4
4266,4266,6
4267,4267,2
4268,4268,6
4269,4269,2
4270,4270,5
4271,4271,1
4272,4272,3
4273,4273,6
4274,4274,6
4275,4275,4
4276,4276,5
4277,4277,6
4278,4278,0
4279,4279,1
4280,4280,1
4281,4281,4
4282,4282,1
4283,4283,3
4284,4284,4
4285,4285,1
4286,4286,1
4287,4287,6
4288,4288,1
4289,4289,5
4290,4290,3
4291,4291,7
4292,4292,5
4293,4293,1
4294,4294,4
4295,4295,7
4296,4296,0
4297,4297,0
4298,4298,2
4299,4299,5
4300,4300,0
4301,4301,0
4302,4302,5
4303,4303,6
4304,4304,7
4305,4305,2
4306,4306,5
4307,4307,5
4308,4308,2
4309,4309,7
4310,4310,0
4311,4311,3
4312,4312,4
4313,4313,2
4314,4314,5
4315,4315,5
4316,4316,0
4317,4317,7
4318,4318,6
4319,4319,5
4320,4320,6
4321,4321,2
4322,4322,5
4323,4323,1
4324,4324,3
4325,4325,4
4326,4326,7
4327,4327,3
4328,4328,4
4329,4329,5
4330,4330,7
4331,4331,2
4332,4332,1
4333,4333,1
4334,4334,7
4335,4335,4
4336,4336,0
4337,4337,0
4338,4338,4
4339,4339,1
4340,4340,1
4341,4341,4
4342,4342,6
4343,4343,7
4344,4344,5
4345,4345,2
4346,4346,2
4347,4347,5
4348,4348,3
4349,4349,6
4350,4350,2
4351,4351,0
4352,4352,4
4353,4353,0
4354,4354,5
4355,4355,4
4356,4356,4
4357,4357,5
4358,4358,1
4359,4359,7
4360,4360,6
4361,4361,6
4362,4362,6
4363,4363,6
4364,4364,3
4365,4365,1
4366,4366,0
4367,4367,5
4368,4368,3
4369,4369,3
4370,4370,1
4371,4371,6
4372,4372,1
4373,4373,1
4374,4374,1
4375,4375,5
4376,4376,4
4377,4377,7
4378,4378,2
4379,4379,3
4380,4380,4
4381,4381,6
4382,4382,6
4383,4383,3
4384,4384,0
4385,4385,3
4386,4386,0
4387,4387,3
4388,4388,4
4389,4389,6
4390,4390,5
4391,4391,5
4392,4392,6
4393,4393,2
4394,4394,5
4395,4395,4
4396,4396,7
4397,4397,6
4398,4398,5
4399,4399,4
4400,4400,0
4401,4401,5
4402,4402,1
4403,4403,4
4404,4404,6
4405,4405,7
4406,4406,3
4407,4407,2
4408,4408,3
4409,4409,6
4410,4410,2
4411,4411,0
4412,4412,3
4413,4413,5
4414,4414,1
4415,4415,3
4416,4416,1
4417,4417,4
4418,4418,5
4419,4419,0
4420,4420,1
4421,4421,7
4422,4422,0
4423,4423,3
4424,4424,1
4425,4425,4
4426,4426,2
4427,4427,4
4428,4428,2
4429,4429,1
4430,4430,4
4431,4431,5
4432,4432,3
4433,4433,3
4434,4434,3
4435,4435,3
4436,4436,4
4437,4437,1
4438,4438,6
4439,4439,4
4440,4440,5
4441,4441,3
4442,4442,0
4443,4443,4
4444,4444,0
4445,4445,0
4446,4446,6
4447,4447,0
4448,4448,4
4449,4449,1
4450,4450,6
4451,4451,5
4452,4452,3
4453,4453,0
4454,4454,6
4455,4455,3
4456,4456,6
4457,4457,2
4458,4458,3
4459,4459,3
4460,4460,7
4461,4461,6
4462,4462,3
4463,4463,1
4464,4464,7
4465,4465,4
4466,4466,7
4467,4467,2
4468,4468,5
4469,4469,3
4470,4470,5
4471,4471,3
4472,4472,3
4473,4473,7
4474,4474,0
4475,4475,0
4476,4476,0
4477,4477,3
4478,4478,0
4479,4479,5
4480,4480,6
4481,4481,0
4482,4482,1
4483,4483,1
4484,4484,7
4485,4485,5
4486,4486,3
4487,4487,3
4488,4488,1
4489,4489,5
4490,4490,3
4491,4491,1
4492,4492,1
4493,4493,4
4494,4494,7
4495,4495,4
4496,4496,0
4497,4497,5
4498,4498,5
4499,4499,2
4500,4500,2
4501,4501,3
4502,4502,6
4503,4503,1
4504,4504,1
4505,4505,2
4506,4506,5
4507,4507,4
4508,4508,4
4509,4509,6
4510,4510,3
4511,4511,6
4512,4512,5
4513,4513,2
4514,4514,7
4515,4515,4
4516,4516,7
4517,4517,5
4518,4518,5
4519,4519,3
4520,4520,3
4521,4521,1
4522,4522,1
4523,4523,2
4524,4524,5
4525,4525,7
4526,4526,2
4527,4527,6
4528,4528,3
4529,4529,3
4530,4530,6
4531,4531,3
4532,4532,6
4533,4533,4
4534,4534,2
4535,4535,6
4536,4536,5
4537,4537,5
4538,4538,0
4539,4539,3
4540,4540,5
4541,4541,2
4542,4542,6
4543,4543,6
4544,4544,1
4545,4545,0
4546,4546,1
4547,4547,4
4548,4548,5
4549,4549,5
4550,4550,6
4551,4551,1
4552,4552,6
4553,4553,3
4554,4554,2
4555,4555,7
4556,4556,0
4557,4557,1
4558,4558,2
4559,4559,2
4560,4560,5
4561,4561,4
4562,4562,6
4563,4563,6
4564,4564,4
4565,4565,4
4566,4566,0
4567,4567,6
4568,4568,3
4569,4569,6
4570,4570,5
4571,4571,1
4572,4572,5
4573,4573,2
4574,4574,2
4575,4575,2
4576,4576,6
4577,4577,7
4578,4578,6
4579,4579,3
4580,4580,1
4581,4581,0
4582,4582,1
4583,4583,6
4584,4584,0
4585,4585,5
4586,4586,7
4587,4587,6
4588,4588,1
4589,4589,5
4590,4590,0
4591,4591,0
4592,4592,7
4593,4593,0
4594,4594,2
4595,4595,6
4596,4596,6
4597,4597,0
4598,4598,7
4599,4599,4
4600,4600,0
4601,4601,6
4602,4602,6
4603,4603,7
4604,4604,6
4605,4605,6
4606,4606,2
4607,4607,3
4608,4608,0
4609,4609,0
4610,4610,3
4611,4611,6
4612,4612,6
4613,4613,5
4614,4614,4
4615,4615,2
4616,4616,2
4617,4617,2
4618,4618,5
4619,4619,1
4620,4620,6
4621,4621,6
4622,4622,1
4623,4623,1
4624,4624,2
4625,4625,7
4626,4626,7
4627,4627,1
4628,4628,3
4629,4629,4
4630,4630,5
4631,4631,4
4632,4632,0
4633,4633,5
4634,4634,7
4635,4635,1
4636,4636,6
4637,4637,1
4638,4638,4
4639,4639,6
4640,4640,2
4641,4641,0
4642,4642,2
4643,4643,6
4644,4644,3
4645,4645,3
4646,4646,0
4647,4647,7
4648,4648,0
4649,4649,2
4650,4650,1
4651,4651,3
4652,4652,5
4653,4653,6
4654,4654,0
4655,4655,2
4656,4656,5
4657,4657,0
4658,4658,0
4659,4659,5
4660,4660,7
4661,4661,7
4662,4662,3
4663,4663,1
4664,4664,7
4665,4665,1
4666,4666,2
4667,4667,5
4668,4668,7
4669,4669,6
4670,4670,0
4671,4671,5
4672,4672,6
4673,4673,0
4674,4674,4
4675,4675,7
4676,4676,7
4677,4677,5
4678,4678,2
4679,4679,0
4680,4680,6
4681,4681,4
4682,4682,7
4683,4683,6
4684,4684,6
4685,4685,7
4686,4686,0
4687,4687,0
4688,4688,5
4689,4689,1
4690,4690,3
4691,4691,6
4692,4692,2
4693,4693,3
4694,4694,1
4695,4695,2
4696,4696,7
4697,4697,2
4698,4698,0
4699,4699,4
4700,4700,0
4701,4701,6
4702,4702,6
4703,4703,5
4704,4704,7
4705,4705,3
4706,4706,7
4707,4707,0
4708,4708,0
4709,4709,6
4710,4710,0
4711,4711,3
4712,4712,0
4713,4713,6
4714,4714,1
4715,4715,2
4716,4716,0
4717,4717,6
4718,4718,5
4719,4719,1
4720,4720,5
4721,4721,5
4722,4722,3
4723,4723,3
4724,4724,4
4725,4725,1
4726,4726,6
4727,4727,4
4728,4728,2
4729,4729,3
4730,4730,7
4731,4731,2
4732,4732,1
4733,4733,1
4734,4734,4
4735,4735,3
4736,4736,6
4737,4737,4
4738,4738,6
4739,4739,0
4740,4740,2
4741,4741,5
4742,4742,6
4743,4743,0
4744,4744,0
4745,4745,3
4746,4746,3
4747,4747,2
4748,4748,2
4749,4749,5
4750,4750,2
4751,4751,6
4752,4752,7
4753,4753,3
4754,4754,7
4755,4755,5
4756,4756,4
4757,4757,0
4758,4758,5
4759,4759,4
4760,4760,0
4761,4761,1
4762,4762,0
4763,4763,0
4764,4764,1
4765,4765,1
4766,4766,0
4767,4767,7
4768,4768,6
4769,4769,1
4770,4770,0
4771,4771,3
4772,4772,1
4773,4773,1
4774,4774,1
4775,4775,0
4776,4776,7
4777,4777,2
4778,4778,4
4779,4779,2
4780,4780,3
4781,4781,0
4782,4782,2
4783,4783,5
4784,4784,1
4785,4785,5
4786,4786,3
4787,4787,4
4788,4788,6
4789,4789,3
4790,4790,5
4791,4791,3
4792,4792,7
4793,4793,3
4794,4794,6
4795,4795,6
4796,4796,6
4797,4797,6
4798,4798,0
4799,4799,5
4800,4800,6
4801,4801,3
4802,4802,7
4803,4803,5
4804,4804,0
4805,4805,2
4806,4806,2
4807,4807,7
4808,4808,1
4809,4809,0
4810,4810,4
4811,4811,1
4812,4812,3
4813,4813,4
4814,4814,4
4815,4815,1
4816,4816,0
4817,4817,0
4818,4818,3
4819,4819,7
4820,4820,7
4821,4821,7
4822,4822,7
4823,4823,5
4824,4824,4
4825,4825,2
4826,4826,0
4827,4827,2
4828,4828,4
4829,4829,4
4830,4830,4
4831,4831,5
4832,4832,3
4833,4833,2
4834,4834,6
4835,4835,7
4836,4836,3
4837,4837,4
4838,4838,5
4839,4839,4
4840,4840,5
4841,4841,0
4842,4842,6
4843,4843,2
4844,4844,0
4845,4845,6
4846,4846,4
4847,4847,5
4848,4848,6
4849,4849,0
4850,4850,6
4851,4851,2
4852,4852,3
4853,4853,0
4854,4854,5
4855,4855,6
4856,4856,0
4857,4857,7
4858,4858,3
4859,4859,0
4860,4860,5
4861,4861,2
4862,4862,2
4863,4863,1
4864,4864,7
4865,4865,1
4866,4866,3
4867,4867,6
4868,4868,0
4869,4869,6
4870,4870,3
4871,4871,0
4872,4872,1
4873,4873,6
4874,4874,6
4875,4875,0
4876,4876,7
4877,4877,3
4878,4878,7
4879,4879,7
4880,4880,7
4881,4881,5
4882,4882,1
4883,4883,0
4884,4884,4
4885,4885,1
4886,4886,1
4887,4887,2
4888,4888,4
4889,4889,6
4890,4890,0
4891,4891,4
4892,4892,1
4893,4893,1
4894,4894,3
4895,4895,2
4896,4896,2
4897,4897,2
4898,4898,1
4899,4899,3
4900,4900,3
4901,4901,4
4902,4902,2
4903,4903,2
4904,4904,2
4905,4905,3
4906,4906,2
4907,4907,1
4908,4908,1
4909,4909,6
4910,4910,6
4911,4911,6
4912,4912,1
4913,4913,0
4914,4914,6
4915,4915,0
4916,4916,4
4917,4917,2
4918,4918,5
4919,4919,5
4920,4920,2
4921,4921,6
4922,4922,3
4923,4923,6
4924,4924,3
4925,4925,7
4926,4926,7
4927,4927,4
4928,4928,4
4929,4929,4
4930,4930,7
4931,4931,0
4932,4932,1
4933,4933,0
4934,4934,0
4935,4935,3
4936,4936,1
4937,4937,5
4938,4938,5
4939,4939,4
4940,4940,6
4941,4941,6
4942,4942,7
4943,4943,4
4944,4944,4
4945,4945,1
4946,4946,5
4947,4947,3
4948,4948,4
4949,4949,3
4950,4950,5
4951,4951,3
4952,4952,3
4953,4953,3
4954,4954,0
4955,4955,6
4956,4956,2
4957,4957,1
4958,4958,5
4959,4959,6
4960,4960,5
4961,4961,4
4962,4962,1
4963,4963,0
4964,4964,4
4965,4965,6
4966,4966,2
4967,4967,3
4968,4968,0
4969,4969,1
4970,4970,3
4971,4971,1
4972,4972,5
4973,4973,1
4974,4974,0
4975,4975,7
4976,4976,0
4977,4977,2
4978,4978,3
4979,4979,3
4980,4980,4
4981,4981,5
4982,4982,6
4983,4983,7
4984,4984,4
4985,4985,4
4986,4986,5
4987,4987,5
4988,4988,7
4989,4989,0
4990,4990,0
4991,4991,2
4992,4992,4
4993,4993,0
4994,4994,1
4995,4995,5
4996,4996,1
4997,4997,7
4998,4998,6
4999,4999,1
5000,5000,2
5001,5001,1
5002,5002,3
5003,5003,1
5004,5004,4
5005,5005,0
5006,5006,2
5007,5007,7
5008,5008,2
5009,5009,2
5010,5010,5
5011,5011,2
5012,5012,7
5013,5013,5
5014,5014,5
5015,5015,7
5016,5016,2
5017,5017,1
5018,5018,0
5019,5019,2
5020,5020,3
5021,5021,3
5022,5022,1
5023,5023,0
5024,5024,2
5025,5025,6
5026,5026,1
5027,5027,2
5028,5028,4
5029,5029,6
5030,5030,1
5031,5031,4
5032,5032,0
5033,5033,4
5034,5034,5
5035,5035,1
5036,5036,0
5037,5037,4
5038,5038,4
5039,5039,7
5040,5040,2
5041,5041,7
5042,5042,0
5043,5043,3
5044,5044,1
5045,5045,2
5046,5046,5
5047,5047,2
5048,5048,3
5049,5049,2
5050,5050,7
5051,5051,6
5052,5052,6
5053,5053,2
5054,5054,7
5055,5055,3
5056,5056,2
5057,5057,7
5058,5058,2
5059,5059,0
5060,5060,6
5061,5061,1
5062,5062,3
5063,5063,4
5064,5064,1
5065,5065,0
5066,5066,0
5067,5067,0
5068,5068,0
5069,5069,3
5070,5070,6
5071,5071,4
5072,5072,0
5073,5073,4
5074,5074,2
5075,5075,1
5076,5076,2
5077,5077,5
5078,5078,0
5079,5079,2
5080,5080,1
5081,5081,3
5082,5082,3
5083,5083,7
5084,5084,6
5085,5085,7
5086,5086,3
5087,5087,3
5088,5088,3
5089,5089,7
5090,5090,0
5091,5091,4
5092,5092,4
5093,5093,3
5094,5094,7
5095,5095,5
5096,5096,2
5097,5097,7
5098,5098,0
5099,5099,2
5100,5100,5
5101,5101,2
5102,5102,3
5103,5103,2
5104,5104,0
5105,5105,3
5106,5106,0
5107,5107,4
5108,5108,6
5109,5109,2
5110,5110,5
5111,5111,6
5112,5112,0
5113,5113,3
5114,5114,1
5115,5115,4
5116,5116,2
5117,5117,4
5118,5118,1
5119,5119,6
5120,5120,0
5121,5121,3
5122,5122,6
5123,5123,4
5124,5124,4
5125,5125,4
5126,5126,5
5127,5127,3
5128,5128,2
5129,5129,5
5130,5130,4
5131,5131,6
5132,5132,1
5133,5133,0
5134,5134,1
5135,5135,5
5136,5136,7
5137,5137,0
5138,5138,0
5139,5139,1
5140,5140,6
5141,5141,5
5142,5142,7
5143,5143,4
5144,5144,4
5145,5145,2
5146,5146,0
5147,5147,1
5148,5148,7
5149,5149,5
5150,5150,0
5151,5151,3
5152,5152,7
5153,5153,0
5154,5154,1
5155,5155,4
5156,5156,2
5157,5157,0
5158,5158,5
5159,5159,2
5160,5160,1
5161,5161,0
5162,5162,5
5163,5163,3
5164,5164,1
5165,5165,3
5166,5166,3
5167,5167,0
5168,5168,1
5169,5169,0
5170,5170,6
5171,5171,4
5172,5172,6
5173,5173,7
5174,5174,6
5175,5175,5
5176,5176,7
5177,5177,6
5178,5178,6
5179,5179,6
5180,5180,0
5181,5181,4
5182,5182,2
5183,5183,4
5184,5184,3
5185,5185,6
5186,5186,4
5187,5187,3
5188,5188,3
5189,5189,5
5190,5190,5
5191,5191,2
5192,5192,0
5193,5193,0
5194,5194,1
5195,5195,2
5196,5196,0
5197,5197,0
5198,5198,7
5199,5199,3
5200,5200,4
5201,5201,6
5202,5202,5
5203,5203,6
5204,5204,0
5205,5205,0
5206,5206,2
5207,5207,6
5208,5208,0
5209,5209,0
5210,5210,5
5211,5211,1
5212,5212,3
5213,5213,6
5214,5214,2
5215,5215,0
5216,5216,3
5217,5217,3
5218,5218,6
5219,5219,6
5220,5220,1
5221,5221,2
5222,5222,7
5223,5223,4
5224,5224,6
5225,5225,5
5226,5226,4
5227,5227,3
5228,5228,7
5229,5229,6
5230,5230,6
5231,5231,2
5232,5232,5
5233,5233,0
5234,5234,6
5235,5235,2
5236,5236,5
5237,5237,7
5238,5238,7
5239,5239,6
5240,5240,2
5241,5241,2
5242,5242,0
5243,5243,6
5244,5244,6
5245,5245,6
5246,5246,7
5247,5247,0
5248,5248,7
5249,5249,4
5250,5250,5
5251,5251,5
5252,5252,4
5253,5253,0
5254,5254,0
5255,5255,7
5256,5256,6
5257,5257,4
5258,5258,7
5259,5259,3
5260,5260,0
5261,5261,7
5262,5262,2
5263,5263,4
5264,5264,2
5265,5265,4
5266,5266,7
5267,5267,4
5268,5268,3
5269,5269,6
5270,5270,1
5271,5271,2
5272,5272,5
5273,5273,1
5274,5274,7
5275,5275,2
5276,5276,4
5277,5277,6
5278,5278,1
5279,5279,3
5280,5280,2
5281,5281,1
5282,5282,3
5283,5283,2
5284,5284,1
5285,5285,2
5286,5286,7
5287,5287,3
5288,5288,5
5289,5289,6
5290,5290,4
5291,5291,6
5292,5292,7
5293,5293,5
5294,5294,4
5295,5295,5
5296,5296,4
5297,5297,1
5298,5298,4
5299,5299,0
5300,5300,5
5301,5301,3
5302,5302,2
5303,5303,0
5304,5304,2
5305,5305,6
5306,5306,4
5307,5307,1
5308,5308,4
5309,5309,0
5310,5310,4
5311,5311,2
5312,5312,5
5313,5313,0
5314,5314,4
5315,5315,3
5316,5316,4
5317,5317,3
5318,5318,6
5319,5319,1
5320,5320,4
5321,5321,6
5322,5322,6
5323,5323,2
5324,5324,7
5325,5325,5
5326,5326,5
5327,5327,6
5328,5328,5
5329,5329,5
5330,5330,1
5331,5331,3
5332,5332,5
5333,5333,6
5334,5334,2
5335,5335,1
5336,5336,1
5337,5337,4
5338,5338,6
5339,5339,4
5340,5340,3
5341,5341,6
5342,5342,7
5343,5343,1
5344,5344,1
5345,5345,2
5346,5346,4
5347,5347,7
5348,5348,7
5349,5349,0
5350,5350,2
5351,5351,0
5352,5352,0
5353,5353,6
5354,5354,4
5355,5355,1
5356,5356,5
5357,5357,3
5358,5358,1
5359,5359,6
5360,5360,2
5361,5361,4
5362,5362,3
5363,5363,7
5364,5364,3
5365,5365,6
5366,5366,5
5367,5367,0
5368,5368,7
5369,5369,0
5370,5370,7
5371,5371,3
5372,5372,7
5373,5373,5
5374,5374,0
5375,5375,4
5376,5376,1
5377,5377,3
5378,5378,1
5379,5379,5
5380,5380,2
5381,5381,7
5382,5382,2
5383,5383,6
5384,5384,4
5385,5385,7
5386,5386,2
5387,5387,5
5388,5388,2
5389,5389,0
5390,5390,5
5391,5391,1
5392,5392,5
5393,5393,4
5394,5394,1
5395,5395,5
5396,5396,6
5397,5397,4
5398,5398,0
5399,5399,4
5400,5400,1
5401,5401,3
5402,5402,0
5403,5403,0
5404,5404,7
5405,5405,2
5406,5406,7
5407,5407,2
5408,5408,5
5409,5409,3
5410,5410,0
5411,5411,5
5412,5412,2
5413,5413,1
5414,5414,5
5415,5415,3
5416,5416,5
5417,5417,2
5418,5418,5
5419,5419,5
5420,5420,7
5421,5421,1
5422,5422,2
5423,5423,0
5424,5424,6
5425,5425,4
5426,5426,3
5427,5427,0
5428,5428,3
5429,5429,7
5430,5430,4
5431,5431,6
5432,5432,6
5433,5433,5
5434,5434,2
5435,5435,2
5436,5436,6
5437,5437,5
5438,5438,1
5439,5439,2
5440,5440,7
5441,5441,1
5442,5442,0
5443,5443,0
5444,5444,0
5445,5445,4
5446,5446,6
5447,5447,3
5448,5448,6
5449,5449,3
5450,5450,4
5451,5451,6
5452,5452,0
5453,5453,0
5454,5454,6
5455,5455,6
5456,5456,6
5457,5457,1
5458,5458,2
5459,5459,2
